title,link
"원어스, 서호 필두로 솔로 프로젝트 돌입!",http://v.daum.net/v/20250331071216488
"원어스 서호, 솔로곡 'Hatchling' 콘셉트 포토 오픈",http://v.daum.net/v/20250320143251101
"‘청량 보컬’ 원어스 서호, 오늘(23일) ‘Hatchling’ 발매",http://v.daum.net/v/20250323164531846
"원어스 서호, 오늘 솔로곡 ‘해츨링’ 발매...입대 전 녹음 완료",http://v.daum.net/v/20250323163905662
"원어스 서호, '유쾌+발랄' 장난기 가득 소년미..'Hatchling'",http://v.daum.net/v/20250320083100912
"원어스 서호, 입대 전 녹음g나 솔로 싱글 ‘Hatchling’ 깜짝 발매",http://v.daum.net/v/20250317171208120
"원어스 서호, 포근한 캐주얼 룩…‘Hatchling’ 콘셉트 포토 추가 공개",http://v.daum.net/v/20250321110601404
"원어스 서호, 오늘 데뷔 첫 솔로곡 발매",http://v.daum.net/v/20250323131830418
"원어스 서호, 솔로 '해츨링' 첫 콘셉트 포토 소년美 물씬",http://v.daum.net/v/20250320081831651
"원어스 서호, 홈웨어 입고 장난기 가득…콘셉트 포토 오픈",http://v.daum.net/v/20250320090111779
"마마무와 한솥밥 먹는다더니…원어스 서호, 데뷔 7년 차에 솔로 역량 뽐냈다",http://v.daum.net/v/20250320235101153
"'군 입대' 원어스 서호, '청량 보컬' 솔로곡 예고",http://v.daum.net/v/20250318111638689
"'입대' 원어스 서호, 새 시작을 앞둔 모든 이들을 위해 '해츨링' [퇴근길신곡]",http://v.daum.net/v/20250323180019459
"'軍복무' 원어스 서호, 무언가 잘못됐음을 감지..'해츨링' MV 티저 오픈",http://v.daum.net/v/20250318072628337
"[포토S] 원어스 서호, 깊은 눈매",http://v.daum.net/v/20250206134647856
"원어스 서호·환웅, 신곡 ‘IKUK’ 콘셉트 포토 공개 ‘치명+매혹’",http://v.daum.net/v/20250109160020509
"원어스 서호·환웅, 마성의 뱀파이어 변신",http://v.daum.net/v/20250109094444561
"원어스, 5인5색 솔로 프로젝트 가동…서호가 시작",http://v.daum.net/v/20250331134809475
"원어스 서호, 카리스마 하트 [포토엔HD]",http://v.daum.net/v/20250206125602417
"""반짝이는 척 속 비밀""…원어스 이도, 태양은 저물다가도 다시 뜨니까 [쥬크박스]",http://v.daum.net/v/20250422180004559
원어스 아닌 '래퍼' 이도의 강렬 존재감 'Sun goes down' [퇴근길 신곡],http://v.daum.net/v/20250422180023589
"원어스, 데뷔 후 첫 '솔로 싱글' 릴레이 도전...첫 주자는?",http://v.daum.net/v/20250331180015389
바쁘다 바빠 원어스 사회…韓 솔로 프로젝트 순항→日 디싱 발매,http://v.daum.net/v/20250422145643525
‘솔로’ 원어스 건희의 감성..봄날의 설렘 담은 ‘I Just Want Love’ [퇴근길 신곡],http://v.daum.net/v/20250408180020923
"서호·김지훈·QWER, 4월 1주차 벅스 페이버릿 투표 1위 [Favorite]",http://v.daum.net/v/20250404080101174
"원어스 서호,'귀여운 브이' [사진]",http://v.daum.net/v/20241012084942441
[TD포토] 원어스 서호 '귀여운 외모',http://v.daum.net/v/20240919112727622
"원어스 이도, 22일 솔로곡 '선 고즈 다운' 발표…음악적 진화 예고",http://v.daum.net/v/20250415175050804
"""널 듣고 싶어""…원어스 건희, 솔직하고 달콤한 '직진 고백' [쥬크박스]",http://v.daum.net/v/20250408180004895
원어스 이도의 진면목…22일 솔로 싱글 ‘Sun goes down’ 발매,http://v.daum.net/v/20250415133859260
